dataset,roc-auc,brier,c@1,f1,f05u,mean
eloquent-gptsw3,0.0232,0.0651,0.03870000000000001,0.0482,0.0472,0.04460000000000001
eloquent-chatgpt35,0.021100000000000008,0.05730000000000002,0.023800000000000023,0.03080000000000003,0.029599999999999994,0.032500000000000015
eloquent-verbanex-ai,0.012500000000000011,0.052900000000000016,0.018200000000000015,0.032300000000000016,0.023899999999999998,0.028100000000000003
eloquent-reindeer-mistral,0.009700000000000009,0.05100000000000001,0.017000000000000015,0.02400000000000001,0.020600000000000007,0.02450000000000001
eloquent-reindeer-poro,0.0010000000000000009,0.040900000000000006,0.002300000000000002,0.0134,0.009200000000000009,0.013300000000000011
